,GasLimit,GasUsage,Value,Method,Args
0,1108451,1008450 (90.98%),0 Ether ($0.00) ,constructor,[]
1,152072,52071 (34.24%),0 Ether ($0.00) ,transfer,"[['address', '0xF9A7D117D7c9d7d0E2C670AB61643Bc2e613969f'], ['uint256', '21000']]"
2,152200,52199 (34.3%),0 Ether ($0.00) ,transfer,"[['address', '0x82b9D1A47e5A0B5E693a2Ce33Ab8aF4f89cC53a5'], ['uint256', '10000000000']]"
3,152136,52135 (34.27%),0 Ether ($0.00) ,transfer,"[['address', '0x6358722DB984A492Ca85BdD79c9C605573ADF3Da'], ['uint256', '1000000000']]"
4,90000,36943 (41.05%),0 Ether ($0.00) ,transfer,"[['address', '0x33Ffd242a738D5a64b791cD0abae067cb70Dec36'], ['uint256', '0']]"
5,152200,52199 (34.3%),0 Ether ($0.00) ,transfer,"[['address', '0x3f63782616E50820Cc6A7d888eD2C0480d167DB6'], ['uint256', '10000000000']]"
6,80000,37199 (46.5%),0 Ether ($0.00) ,transfer,"[['address', '0x4B01721F0244E7c5B5F63c20942850E447f5a5Ee'], ['uint256', '10000000000']]"
7,152200,52199 (34.3%),0 Ether ($0.00) ,transfer,"[['address', '0x29c7EbbC1155f9F6F2a09eaA57Aa768b8ceB2fEA'], ['uint256', '50000000000']]"
8,90000,37007 (41.12%),0 Ether ($0.00) ,transfer,"[['address', '0x6358722DB984A492Ca85BdD79c9C605573ADF3Da'], ['uint256', '1']]"
9,90000,37135 (41.26%),0 Ether ($0.00) ,transfer,"[['address', '0x6358722DB984A492Ca85BdD79c9C605573ADF3Da'], ['uint256', '100000000']]"
10,90000,52199 (58%),0 Ether ($0.00) ,transfer,"[['address', '0x12f0f2726A5AF3E548111D7ce65A3eAB3f4861E6'], ['uint256', '5400000000']]"
11,90000,52199 (58%),0 Ether ($0.00) ,transfer,"[['address', '0x71A2606A922ce4104aC1477359e953Ce1064C6De'], ['uint256', '16200000000']]"
12,90000,52199 (58%),0 Ether ($0.00) ,transfer,"[['address', '0x08Eb7425DB4739308fba6B75b0efa1e068Eaa5a0'], ['uint256', '17280000000']]"
13,137264,37263 (27.15%),0 Ether ($0.00) ,transfer,"[['address', '0x29c7EbbC1155f9F6F2a09eaA57Aa768b8ceB2fEA'], ['uint256', '5000000000000']]"
14,90000,52199 (58%),0 Ether ($0.00) ,transfer,"[['address', '0x8e187d6277E7d961C20904925FD15eDAF57125b4'], ['uint256', '91800000000']]"
15,90000,52199 (58%),0 Ether ($0.00) ,transfer,"[['address', '0xD85Ac52897ae1c4722b1d08FeD371f1eBfF64AD0'], ['uint256', '24300000000']]"
16,90000,37199 (41.33%),0 Ether ($0.00) ,transfer,"[['address', '0x8e187d6277E7d961C20904925FD15eDAF57125b4'], ['uint256', '18000000000']]"
17,90000,52199 (58%),0 Ether ($0.00) ,transfer,"[['address', '0xe4DD313bcbb4223845056f2aF80248B37F6cbC6b'], ['uint256', '432000000000']]"
18,90000,52263 (58.07%),0 Ether ($0.00) ,transfer,"[['address', '0x425592Fd920E1702caA5aAc6cA8F555FE598Fa7C'], ['uint256', '47790000000']]"
19,90000,52199 (58%),0 Ether ($0.00) ,transfer,"[['address', '0xB586708AA9933F56e084B57DFCca06c3D2500391'], ['uint256', '21600000000']]"
20,90000,52199 (58%),0 Ether ($0.00) ,transfer,"[['address', '0xEc8A1125489B73625fedAa308F28D6Ae37e99967'], ['uint256', '208800000000']]"
21,90000,52199 (58%),0 Ether ($0.00) ,transfer,"[['address', '0x4A04B022F0a93162100d86d6897722eC2a69Dfef'], ['uint256', '38340000000']]"
22,90000,52199 (58%),0 Ether ($0.00) ,transfer,"[['address', '0xFDA7B4F51bdfD2941d97F24991d413D3df8F54e4'], ['uint256', '21600000000']]"
23,90000,52199 (58%),0 Ether ($0.00) ,transfer,"[['address', '0xB7ec85975230DA6F94B463752be63520b3AB0b6B'], ['uint256', '211140000000']]"
24,90000,52199 (58%),0 Ether ($0.00) ,transfer,"[['address', '0x2E90Ac9a3E9cE0e82d04646753f146eE0a1a9ff6'], ['uint256', '81000000000']]"
25,90000,52263 (58.07%),0 Ether ($0.00) ,transfer,"[['address', '0x681d989Da3a5104F07624d66AbD254c9493cf3B5'], ['uint256', '20250000000']]"
26,90000,52199 (58%),0 Ether ($0.00) ,transfer,"[['address', '0xDE9cdd98c472EE84dEC5d37FF436434821813B1B'], ['uint256', '72000000000']]"
27,90000,52135 (57.93%),0 Ether ($0.00) ,transfer,"[['address', '0x110D8858cb1Db873A4025D7954694A8077646DA4'], ['uint256', '3240000000']]"
28,90000,52199 (58%),0 Ether ($0.00) ,transfer,"[['address', '0xCaa68cd331AFf704763917E5f564E720058bD925'], ['uint256', '16200000000']]"
29,90000,52199 (58%),0 Ether ($0.00) ,transfer,"[['address', '0x0a0752D4808012AabD9d7A12296Bd43Ad3F41Bc0'], ['uint256', '405000000000']]"
30,90000,52199 (58%),0 Ether ($0.00) ,transfer,"[['address', '0x0f6C32649E928B5c0FBD5aA3cE1d6F12f46cdF9F'], ['uint256', '193500000000']]"
31,90000,37199 (41.33%),0 Ether ($0.00) ,transfer,"[['address', '0x0f6C32649E928B5c0FBD5aA3cE1d6F12f46cdF9F'], ['uint256', '81000000000']]"
32,90000,37199 (41.33%),0 Ether ($0.00) ,transfer,"[['address', '0x0f6C32649E928B5c0FBD5aA3cE1d6F12f46cdF9F'], ['uint256', '81000000000']]"
33,90000,37199 (41.33%),0 Ether ($0.00) ,transfer,"[['address', '0x0f6C32649E928B5c0FBD5aA3cE1d6F12f46cdF9F'], ['uint256', '198540000000']]"
34,90000,52263 (58.07%),0 Ether ($0.00) ,transfer,"[['address', '0xC1C2D63C7E5DE3D70b3590C94c2682bacFDCE39E'], ['uint256', '12150000000']]"
35,90000,52135 (57.93%),0 Ether ($0.00) ,transfer,"[['address', '0xA8BF269094Af3070873FBdc08914C2ea07f2F3fC'], ['uint256', '2700000000']]"
36,90000,52263 (58.07%),0 Ether ($0.00) ,transfer,"[['address', '0xa27fF7B2323ff5Dc5e9f2538d33Ff6fD0fC4792f'], ['uint256', '114750000000']]"
37,90000,52071 (57.86%),0 Ether ($0.00) ,transfer,"[['address', '0x0002ADf39358ACAa1589e78080cFa86A5700170D'], ['uint256', '87120000000']]"
38,90000,52263 (58.07%),0 Ether ($0.00) ,transfer,"[['address', '0xe0a8297CD0F92AACab64620616F77C2A5b5d8115'], ['uint256', '14850000000']]"
39,90000,52199 (58%),0 Ether ($0.00) ,transfer,"[['address', '0x0455De9D3E4f7a429eFc76684384f79f07c76341'], ['uint256', '688500000000']]"
40,90000,52263 (58.07%),0 Ether ($0.00) ,transfer,"[['address', '0xF1E0649E0AbFd6Cd64250a5B47B8E8C161B96195'], ['uint256', '17550000000']]"
41,90000,52263 (58.07%),0 Ether ($0.00) ,transfer,"[['address', '0x21DBA17B9d3de43AC5f7ECB080ba3969E58c6eF2'], ['uint256', '371250000000']]"
42,90000,52199 (58%),0 Ether ($0.00) ,transfer,"[['address', '0xbf75945F243E819dBb33AddD901797E81fE01B0C'], ['uint256', '5040000000']]"
43,90000,52263 (58.07%),0 Ether ($0.00) ,transfer,"[['address', '0x622163D0B8A86B501188250aA21ACB94aD81a443'], ['uint256', '371250000000']]"
44,90000,52199 (58%),0 Ether ($0.00) ,transfer,"[['address', '0x4746cF3E1B2d9ae8ab23c3851C9cd8a9E62122A1'], ['uint256', '90000000000']]"
45,90000,52199 (58%),0 Ether ($0.00) ,transfer,"[['address', '0x6D3A20542bcAAEccbF69Ab09AcFd1fAB669fF3Ee'], ['uint256', '18900000000']]"
46,90000,52199 (58%),0 Ether ($0.00) ,transfer,"[['address', '0x0b5C1362cEaFd5F3931FDd4981531468A4EFeFb3'], ['uint256', '45000000000']]"
47,90000,52199 (58%),0 Ether ($0.00) ,transfer,"[['address', '0x3CC74B967670c64A6D0fDc6F9158b13F3880B586'], ['uint256', '270000000000']]"
48,90000,52263 (58.07%),0 Ether ($0.00) ,transfer,"[['address', '0x04DFd5d06703AF28e756068a56E0dC5B4c02F15c'], ['uint256', '384750000000']]"
49,90000,37199 (41.33%),0 Ether ($0.00) ,transfer,"[['address', '0x6D3A20542bcAAEccbF69Ab09AcFd1fAB669fF3Ee'], ['uint256', '8100000000']]"
50,137136,37135 (27.08%),0 Ether ($0.00) ,transfer,"[['address', '0x29c7EbbC1155f9F6F2a09eaA57Aa768b8ceB2fEA'], ['uint256', '80000']]"
51,137264,37263 (27.15%),0 Ether ($0.00) ,transfer,"[['address', '0x29c7EbbC1155f9F6F2a09eaA57Aa768b8ceB2fEA'], ['uint256', '8000000000000']]"
52,90000,52199 (58%),0 Ether ($0.00) ,transfer,"[['address', '0x5BAA3FDF97056e6c7b76Cc1BC2Ee325aCfa2408F'], ['uint256', '6120000000']]"
53,90000,37135 (41.26%),0 Ether ($0.00) ,transfer,"[['address', '0x110D8858cb1Db873A4025D7954694A8077646DA4'], ['uint256', '2700000000']]"
54,90000,37199 (41.33%),0 Ether ($0.00) ,transfer,"[['address', '0xbf75945F243E819dBb33AddD901797E81fE01B0C'], ['uint256', '5580000000']]"
55,90000,52263 (58.07%),0 Ether ($0.00) ,transfer,"[['address', '0x8D4301e5cd03aff5cfa8a93DBbb4C584eA2052BB'], ['uint256', '90450000000']]"
56,90000,52199 (58%),0 Ether ($0.00) ,transfer,"[['address', '0xb6e797d73EFaA74e22Fbb893A6d0E65Bc8CddCAe'], ['uint256', '4680000000']]"
57,90000,37199 (41.33%),0 Ether ($0.00) ,transfer,"[['address', '0xA8BF269094Af3070873FBdc08914C2ea07f2F3fC'], ['uint256', '1889999999']]"
58,90000,37199 (41.33%),0 Ether ($0.00) ,transfer,"[['address', '0xA8BF269094Af3070873FBdc08914C2ea07f2F3fC'], ['uint256', '1889999999']]"
59,90000,52199 (58%),0 Ether ($0.00) ,transfer,"[['address', '0x53C4ac97cce030d171B03c5d5C8e1d658b3c8e09'], ['uint256', '6120000000']]"
60,90000,37263 (41.4%),0 Ether ($0.00) ,transfer,"[['address', '0x53C4ac97cce030d171B03c5d5C8e1d658b3c8e09'], ['uint256', '14850000000']]"
61,90000,52199 (58%),0 Ether ($0.00) ,transfer,"[['address', '0x92134c72A83Af601750562463917aad2aB035780'], ['uint256', '189000000000']]"
62,90000,37263 (41.4%),0 Ether ($0.00) ,transfer,"[['address', '0x53C4ac97cce030d171B03c5d5C8e1d658b3c8e09'], ['uint256', '14850000000']]"
63,90000,37199 (41.33%),0 Ether ($0.00) ,transfer,"[['address', '0x4746cF3E1B2d9ae8ab23c3851C9cd8a9E62122A1'], ['uint256', '99000000000']]"
64,90000,37199 (41.33%),0 Ether ($0.00) ,transfer,"[['address', '0x53C4ac97cce030d171B03c5d5C8e1d658b3c8e09'], ['uint256', '6120000000']]"
65,90000,52263 (58.07%),0 Ether ($0.00) ,transfer,"[['address', '0x1d208162d253eD15483B762C2F9D998F63b44307'], ['uint256', '28350000000']]"
66,90000,52199 (58%),0 Ether ($0.00) ,transfer,"[['address', '0x4Fc5163a3A7fd548c8b759B2b27D915817B4dC78'], ['uint256', '24300000000']]"
67,90000,52263 (58.07%),0 Ether ($0.00) ,transfer,"[['address', '0xC62b0a291326d554cD43DED342A1f6540a665a42'], ['uint256', '25650000000']]"
68,90000,37199 (41.33%),0 Ether ($0.00) ,transfer,"[['address', '0x0b5C1362cEaFd5F3931FDd4981531468A4EFeFb3'], ['uint256', '48600000000']]"
69,90000,37263 (41.4%),0 Ether ($0.00) ,transfer,"[['address', '0x92134c72A83Af601750562463917aad2aB035780'], ['uint256', '79650000000']]"
70,90000,52199 (58%),0 Ether ($0.00) ,transfer,"[['address', '0xAEa75BA97F41a1169defFCe71f5Ec24365B93166'], ['uint256', '6120000000']]"
71,90000,52199 (58%),0 Ether ($0.00) ,transfer,"[['address', '0x694AD73053CeCC643448356781586BD42A26704F'], ['uint256', '16740000000']]"
72,90000,52199 (58%),0 Ether ($0.00) ,transfer,"[['address', '0x7C4d6f7F6194524311650Cfe60363e1d1C1205DE'], ['uint256', '9000000000']]"
73,90000,52199 (58%),0 Ether ($0.00) ,transfer,"[['address', '0xC528eFD9645D6b8aC03e1418a12e5F60b488c2aA'], ['uint256', '2610000000']]"
74,90000,37199 (41.33%),0 Ether ($0.00) ,transfer,"[['address', '0xB586708AA9933F56e084B57DFCca06c3D2500391'], ['uint256', '16200000000']]"
75,90000,52199 (58%),0 Ether ($0.00) ,transfer,"[['address', '0x5A150fBF20408063FA4959b1F71b55087f31bAcA'], ['uint256', '10440000000']]"
76,90000,52263 (58.07%),0 Ether ($0.00) ,transfer,"[['address', '0xf37c7Fe6055a409791e27Ef535B4e63c9DC7b4fd'], ['uint256', '12150000000']]"
77,90000,52263 (58.07%),0 Ether ($0.00) ,transfer,"[['address', '0xE67c525f0175a1210A2D4ED93aF893355BFf18e4'], ['uint256', '12150000000']]"
78,90000,52135 (57.93%),0 Ether ($0.00) ,transfer,"[['address', '0xF60b4f441eE2c152e2f67D2CC6840F16bD4340E2'], ['uint256', '2520000000']]"
79,90000,37199 (41.33%),0 Ether ($0.00) ,transfer,"[['address', '0x110D8858cb1Db873A4025D7954694A8077646DA4'], ['uint256', '1889999999']]"
80,90000,37199 (41.33%),0 Ether ($0.00) ,transfer,"[['address', '0xAEa75BA97F41a1169defFCe71f5Ec24365B93166'], ['uint256', '6120000000']]"
81,90000,37199 (41.33%),0 Ether ($0.00) ,transfer,"[['address', '0xAEa75BA97F41a1169defFCe71f5Ec24365B93166'], ['uint256', '6120000000']]"
82,90000,37199 (41.33%),0 Ether ($0.00) ,transfer,"[['address', '0xAEa75BA97F41a1169defFCe71f5Ec24365B93166'], ['uint256', '6120000000']]"
83,90000,52263 (58.07%),0 Ether ($0.00) ,transfer,"[['address', '0xBE87F009fCEeab80D2189F1EA0b3af8bF6bD651f'], ['uint256', '18270000000']]"
84,90000,37199 (41.33%),0 Ether ($0.00) ,transfer,"[['address', '0x71A2606A922ce4104aC1477359e953Ce1064C6De'], ['uint256', '13500000000']]"
85,90000,37199 (41.33%),0 Ether ($0.00) ,transfer,"[['address', '0xF60b4f441eE2c152e2f67D2CC6840F16bD4340E2'], ['uint256', '22500000000']]"
86,90000,52199 (58%),0 Ether ($0.00) ,transfer,"[['address', '0xCABCded245E7B4D3D95Bb6FA08105c0caFda770F'], ['uint256', '6120000000']]"
87,90000,52263 (58.07%),0 Ether ($0.00) ,transfer,"[['address', '0xd401246866827356dB1Cd1C54818a2846Ea7482A'], ['uint256', '14850000000']]"
88,90000,52263 (58.07%),0 Ether ($0.00) ,transfer,"[['address', '0xAc3817BEDeDBEBdB90E617E01b0283be83635Ff6'], ['uint256', '4410000000']]"
89,90000,37199 (41.33%),0 Ether ($0.00) ,transfer,"[['address', '0xF60b4f441eE2c152e2f67D2CC6840F16bD4340E2'], ['uint256', '4050000000']]"
90,90000,37135 (41.26%),0 Ether ($0.00) ,transfer,"[['address', '0xAc3817BEDeDBEBdB90E617E01b0283be83635Ff6'], ['uint256', '10620000000']]"
91,90000,37263 (41.4%),0 Ether ($0.00) ,transfer,"[['address', '0xCABCded245E7B4D3D95Bb6FA08105c0caFda770F'], ['uint256', '14850000000']]"
92,90000,37199 (41.33%),0 Ether ($0.00) ,transfer,"[['address', '0xCABCded245E7B4D3D95Bb6FA08105c0caFda770F'], ['uint256', '6120000000']]"
93,90000,37199 (41.33%),0 Ether ($0.00) ,transfer,"[['address', '0xd401246866827356dB1Cd1C54818a2846Ea7482A'], ['uint256', '6120000000']]"
94,90000,37199 (41.33%),0 Ether ($0.00) ,transfer,"[['address', '0xd401246866827356dB1Cd1C54818a2846Ea7482A'], ['uint256', '6120000000']]"
95,90000,52263 (58.07%),0 Ether ($0.00) ,transfer,"[['address', '0x14A05ecd2bD6015D7e43715349ef52bbF505Faea'], ['uint256', '14850000000']]"
96,90000,37199 (41.33%),0 Ether ($0.00) ,transfer,"[['address', '0x425592Fd920E1702caA5aAc6cA8F555FE598Fa7C'], ['uint256', '10800000000']]"
97,90000,37199 (41.33%),0 Ether ($0.00) ,transfer,"[['address', '0x425592Fd920E1702caA5aAc6cA8F555FE598Fa7C'], ['uint256', '14400000000']]"
98,90000,37199 (41.33%),0 Ether ($0.00) ,transfer,"[['address', '0x425592Fd920E1702caA5aAc6cA8F555FE598Fa7C'], ['uint256', '90000000000']]"
99,90000,37263 (41.4%),0 Ether ($0.00) ,transfer,"[['address', '0x425592Fd920E1702caA5aAc6cA8F555FE598Fa7C'], ['uint256', '8190000000']]"
100,90000,37263 (41.4%),0 Ether ($0.00) ,transfer,"[['address', '0x425592Fd920E1702caA5aAc6cA8F555FE598Fa7C'], ['uint256', '22050000000']]"
101,90000,37199 (41.33%),0 Ether ($0.00) ,transfer,"[['address', '0x681d989Da3a5104F07624d66AbD254c9493cf3B5'], ['uint256', '13500000000']]"
102,90000,52263 (58.07%),0 Ether ($0.00) ,transfer,"[['address', '0x9059BBd373f4284Bd37603cceA4d017c7de109dB'], ['uint256', '28350000000']]"
103,90000,37199 (41.33%),0 Ether ($0.00) ,transfer,"[['address', '0xa27fF7B2323ff5Dc5e9f2538d33Ff6fD0fC4792f'], ['uint256', '13500000000']]"
104,90000,37199 (41.33%),0 Ether ($0.00) ,transfer,"[['address', '0x08Eb7425DB4739308fba6B75b0efa1e068Eaa5a0'], ['uint256', '13500000000']]"
105,90000,37199 (41.33%),0 Ether ($0.00) ,transfer,"[['address', '0x0a0752D4808012AabD9d7A12296Bd43Ad3F41Bc0'], ['uint256', '337500000000']]"
106,90000,37199 (41.33%),0 Ether ($0.00) ,transfer,"[['address', '0x2E90Ac9a3E9cE0e82d04646753f146eE0a1a9ff6'], ['uint256', '90000000000']]"
107,90000,37199 (41.33%),0 Ether ($0.00) ,transfer,"[['address', '0xDE9cdd98c472EE84dEC5d37FF436434821813B1B'], ['uint256', '90000000000']]"
108,90000,37199 (41.33%),0 Ether ($0.00) ,transfer,"[['address', '0xF1E0649E0AbFd6Cd64250a5B47B8E8C161B96195'], ['uint256', '18900000000']]"
109,90000,37199 (41.33%),0 Ether ($0.00) ,transfer,"[['address', '0xC1C2D63C7E5DE3D70b3590C94c2682bacFDCE39E'], ['uint256', '13500000000']]"
110,90000,37199 (41.33%),0 Ether ($0.00) ,transfer,"[['address', '0xCaa68cd331AFf704763917E5f564E720058bD925'], ['uint256', '12600000000']]"
111,90000,37199 (41.33%),0 Ether ($0.00) ,transfer,"[['address', '0xb6e797d73EFaA74e22Fbb893A6d0E65Bc8CddCAe'], ['uint256', '5580000000']]"
112,90000,37199 (41.33%),0 Ether ($0.00) ,transfer,"[['address', '0xb6e797d73EFaA74e22Fbb893A6d0E65Bc8CddCAe'], ['uint256', '5580000000']]"
113,90000,52263 (58.07%),0 Ether ($0.00) ,transfer,"[['address', '0xf75177189112825Aa40f721A1A5BFd7Af9bC3894'], ['uint256', '12150000000']]"
114,90000,37199 (41.33%),0 Ether ($0.00) ,transfer,"[['address', '0xb6e797d73EFaA74e22Fbb893A6d0E65Bc8CddCAe'], ['uint256', '5580000000']]"
115,90000,52199 (58%),0 Ether ($0.00) ,transfer,"[['address', '0xeb7D5a138aB1d8aFe546B38Ab5D4Ce762771179f'], ['uint256', '9000000000']]"
116,90000,37199 (41.33%),0 Ether ($0.00) ,transfer,"[['address', '0xb6e797d73EFaA74e22Fbb893A6d0E65Bc8CddCAe'], ['uint256', '5580000000']]"
117,90000,37199 (41.33%),0 Ether ($0.00) ,transfer,"[['address', '0xb6e797d73EFaA74e22Fbb893A6d0E65Bc8CddCAe'], ['uint256', '5580000000']]"
118,90000,37199 (41.33%),0 Ether ($0.00) ,transfer,"[['address', '0xb6e797d73EFaA74e22Fbb893A6d0E65Bc8CddCAe'], ['uint256', '5580000000']]"
119,90000,37199 (41.33%),0 Ether ($0.00) ,transfer,"[['address', '0xb6e797d73EFaA74e22Fbb893A6d0E65Bc8CddCAe'], ['uint256', '5580000000']]"
120,90000,37263 (41.4%),0 Ether ($0.00) ,transfer,"[['address', '0xeb7D5a138aB1d8aFe546B38Ab5D4Ce762771179f'], ['uint256', '6750000000']]"
121,90000,37199 (41.33%),0 Ether ($0.00) ,transfer,"[['address', '0xb6e797d73EFaA74e22Fbb893A6d0E65Bc8CddCAe'], ['uint256', '5580000000']]"
122,90000,37263 (41.4%),0 Ether ($0.00) ,transfer,"[['address', '0xeb7D5a138aB1d8aFe546B38Ab5D4Ce762771179f'], ['uint256', '6750000000']]"
123,90000,37135 (41.26%),0 Ether ($0.00) ,transfer,"[['address', '0xeb7D5a138aB1d8aFe546B38Ab5D4Ce762771179f'], ['uint256', '2700000000']]"
124,90000,52263 (58.07%),0 Ether ($0.00) ,transfer,"[['address', '0xA0e5Ca7ddEfcd4B07090a24f2014F130615c25B1'], ['uint256', '27810000000']]"
125,90000,37199 (41.33%),0 Ether ($0.00) ,transfer,"[['address', '0xAEa75BA97F41a1169defFCe71f5Ec24365B93166'], ['uint256', '6120000000']]"
126,90000,37199 (41.33%),0 Ether ($0.00) ,transfer,"[['address', '0xAEa75BA97F41a1169defFCe71f5Ec24365B93166'], ['uint256', '6120000000']]"
127,90000,37199 (41.33%),0 Ether ($0.00) ,transfer,"[['address', '0xAEa75BA97F41a1169defFCe71f5Ec24365B93166'], ['uint256', '6120000000']]"
128,90000,37199 (41.33%),0 Ether ($0.00) ,transfer,"[['address', '0x04DFd5d06703AF28e756068a56E0dC5B4c02F15c'], ['uint256', '337500000000']]"
129,90000,37199 (41.33%),0 Ether ($0.00) ,transfer,"[['address', '0x3CC74B967670c64A6D0fDc6F9158b13F3880B586'], ['uint256', '337500000000']]"
130,90000,37263 (41.4%),0 Ether ($0.00) ,transfer,"[['address', '0x4A04B022F0a93162100d86d6897722eC2a69Dfef'], ['uint256', '12150000000']]"
131,90000,37199 (41.33%),0 Ether ($0.00) ,transfer,"[['address', '0xD85Ac52897ae1c4722b1d08FeD371f1eBfF64AD0'], ['uint256', '13500000000']]"
132,90000,37199 (41.33%),0 Ether ($0.00) ,transfer,"[['address', '0xD85Ac52897ae1c4722b1d08FeD371f1eBfF64AD0'], ['uint256', '21600000000']]"
133,90000,52199 (58%),0 Ether ($0.00) ,transfer,"[['address', '0xb0eeADad5c4f42bb468721186D5E8bb7bab00f6B'], ['uint256', '5580000000']]"
134,90000,37263 (41.4%),0 Ether ($0.00) ,transfer,"[['address', '0x6D3A20542bcAAEccbF69Ab09AcFd1fAB669fF3Ee'], ['uint256', '6750000000']]"
135,90000,52263 (58.07%),0 Ether ($0.00) ,transfer,"[['address', '0xf1977CB53f9DE79B3c52726480EEc23263bab21f'], ['uint256', '9450000000']]"
136,90000,52199 (58%),0 Ether ($0.00) ,transfer,"[['address', '0x4d3cc1b4A18bC3c411d9b5ebaeFdE1978FeAFBaF'], ['uint256', '190620000000']]"
137,90000,52263 (58.07%),0 Ether ($0.00) ,transfer,"[['address', '0xbdf1D7c33EdA491210A410CB84b273D0e6c0e761'], ['uint256', '7830000000']]"
138,90000,52263 (58.07%),0 Ether ($0.00) ,transfer,"[['address', '0xc806FAE3563bB864aF6F28f9fD94aDe3d9c7a1EB'], ['uint256', '9450000000']]"
139,90000,37199 (41.33%),0 Ether ($0.00) ,transfer,"[['address', '0xAEa75BA97F41a1169defFCe71f5Ec24365B93166'], ['uint256', '6120000000']]"
140,90000,37199 (41.33%),0 Ether ($0.00) ,transfer,"[['address', '0xAEa75BA97F41a1169defFCe71f5Ec24365B93166'], ['uint256', '6120000000']]"
141,90000,37199 (41.33%),0 Ether ($0.00) ,transfer,"[['address', '0xAEa75BA97F41a1169defFCe71f5Ec24365B93166'], ['uint256', '6120000000']]"
142,90000,37199 (41.33%),0 Ether ($0.00) ,transfer,"[['address', '0xAEa75BA97F41a1169defFCe71f5Ec24365B93166'], ['uint256', '6120000000']]"
143,90000,37199 (41.33%),0 Ether ($0.00) ,transfer,"[['address', '0xAEa75BA97F41a1169defFCe71f5Ec24365B93166'], ['uint256', '6120000000']]"
144,90000,37199 (41.33%),0 Ether ($0.00) ,transfer,"[['address', '0xB7ec85975230DA6F94B463752be63520b3AB0b6B'], ['uint256', '90000000000']]"
145,90000,37199 (41.33%),0 Ether ($0.00) ,transfer,"[['address', '0x4d3cc1b4A18bC3c411d9b5ebaeFdE1978FeAFBaF'], ['uint256', '20880000000']]"
146,90000,37199 (41.33%),0 Ether ($0.00) ,transfer,"[['address', '0xEc8A1125489B73625fedAa308F28D6Ae37e99967'], ['uint256', '90000000000']]"
147,90000,52199 (58%),0 Ether ($0.00) ,transfer,"[['address', '0x8c0707e41c8250AD55516B08e1420d0104D15a2c'], ['uint256', '29700000000']]"
148,90000,37199 (41.33%),0 Ether ($0.00) ,transfer,"[['address', '0x4d3cc1b4A18bC3c411d9b5ebaeFdE1978FeAFBaF'], ['uint256', '35820000000']]"
149,90000,37263 (41.4%),0 Ether ($0.00) ,transfer,"[['address', '0x4d3cc1b4A18bC3c411d9b5ebaeFdE1978FeAFBaF'], ['uint256', '7559999999']]"
150,90000,37199 (41.33%),0 Ether ($0.00) ,transfer,"[['address', '0x4d3cc1b4A18bC3c411d9b5ebaeFdE1978FeAFBaF'], ['uint256', '180000000000']]"
151,90000,37135 (41.26%),0 Ether ($0.00) ,transfer,"[['address', '0x4d3cc1b4A18bC3c411d9b5ebaeFdE1978FeAFBaF'], ['uint256', '1800000000']]"
152,90000,37135 (41.26%),0 Ether ($0.00) ,transfer,"[['address', '0x4d3cc1b4A18bC3c411d9b5ebaeFdE1978FeAFBaF'], ['uint256', '1800000000']]"
153,90000,37199 (41.33%),0 Ether ($0.00) ,transfer,"[['address', '0xb0eeADad5c4f42bb468721186D5E8bb7bab00f6B'], ['uint256', '5580000000']]"
154,90000,37199 (41.33%),0 Ether ($0.00) ,transfer,"[['address', '0xb0eeADad5c4f42bb468721186D5E8bb7bab00f6B'], ['uint256', '5580000000']]"
155,90000,37263 (41.4%),0 Ether ($0.00) ,transfer,"[['address', '0x0b5C1362cEaFd5F3931FDd4981531468A4EFeFb3'], ['uint256', '22050000000']]"
156,90000,37199 (41.33%),0 Ether ($0.00) ,transfer,"[['address', '0x0455De9D3E4f7a429eFc76684384f79f07c76341'], ['uint256', '405000000000']]"
157,90000,37199 (41.33%),0 Ether ($0.00) ,transfer,"[['address', '0x21DBA17B9d3de43AC5f7ECB080ba3969E58c6eF2'], ['uint256', '337500000000']]"
158,90000,37199 (41.33%),0 Ether ($0.00) ,transfer,"[['address', '0x622163D0B8A86B501188250aA21ACB94aD81a443'], ['uint256', '337500000000']]"
159,90000,37199 (41.33%),0 Ether ($0.00) ,transfer,"[['address', '0x53C4ac97cce030d171B03c5d5C8e1d658b3c8e09'], ['uint256', '6120000000']]"
160,90000,37199 (41.33%),0 Ether ($0.00) ,transfer,"[['address', '0x53C4ac97cce030d171B03c5d5C8e1d658b3c8e09'], ['uint256', '5580000000']]"
161,90000,37263 (41.4%),0 Ether ($0.00) ,transfer,"[['address', '0x53C4ac97cce030d171B03c5d5C8e1d658b3c8e09'], ['uint256', '14850000000']]"
162,90000,37263 (41.4%),0 Ether ($0.00) ,transfer,"[['address', '0x53C4ac97cce030d171B03c5d5C8e1d658b3c8e09'], ['uint256', '14850000000']]"
163,90000,37199 (41.33%),0 Ether ($0.00) ,transfer,"[['address', '0x53C4ac97cce030d171B03c5d5C8e1d658b3c8e09'], ['uint256', '6120000000']]"
164,90000,37263 (41.4%),0 Ether ($0.00) ,transfer,"[['address', '0x53C4ac97cce030d171B03c5d5C8e1d658b3c8e09'], ['uint256', '14850000000']]"
165,90000,52263 (58.07%),0 Ether ($0.00) ,transfer,"[['address', '0x177F8726Aa64d069dd64016c1b069343833915F9'], ['uint256', '28889999999']]"
166,90000,37263 (41.4%),0 Ether ($0.00) ,transfer,"[['address', '0x53C4ac97cce030d171B03c5d5C8e1d658b3c8e09'], ['uint256', '14850000000']]"
167,90000,52199 (58%),0 Ether ($0.00) ,transfer,"[['address', '0xe62835Ff3CB96549BCd6C2Dda77Fc14890720E2e'], ['uint256', '27000000000']]"
168,90000,52199 (58%),0 Ether ($0.00) ,transfer,"[['address', '0x1C7F97Fb60e8dFc85857Fb26Da01b451b5F4Bf87'], ['uint256', '27000000000']]"
169,90000,37199 (41.33%),0 Ether ($0.00) ,transfer,"[['address', '0x53C4ac97cce030d171B03c5d5C8e1d658b3c8e09'], ['uint256', '6120000000']]"
170,90000,37263 (41.4%),0 Ether ($0.00) ,transfer,"[['address', '0x53C4ac97cce030d171B03c5d5C8e1d658b3c8e09'], ['uint256', '14850000000']]"
171,90000,37263 (41.4%),0 Ether ($0.00) ,transfer,"[['address', '0x53C4ac97cce030d171B03c5d5C8e1d658b3c8e09'], ['uint256', '14850000000']]"
172,90000,37263 (41.4%),0 Ether ($0.00) ,transfer,"[['address', '0x53C4ac97cce030d171B03c5d5C8e1d658b3c8e09'], ['uint256', '14850000000']]"
173,90000,37263 (41.4%),0 Ether ($0.00) ,transfer,"[['address', '0x53C4ac97cce030d171B03c5d5C8e1d658b3c8e09'], ['uint256', '14850000000']]"
174,90000,37199 (41.33%),0 Ether ($0.00) ,transfer,"[['address', '0x53C4ac97cce030d171B03c5d5C8e1d658b3c8e09'], ['uint256', '6120000000']]"
175,90000,37199 (41.33%),0 Ether ($0.00) ,transfer,"[['address', '0x53C4ac97cce030d171B03c5d5C8e1d658b3c8e09'], ['uint256', '6120000000']]"
176,90000,37199 (41.33%),0 Ether ($0.00) ,transfer,"[['address', '0x53C4ac97cce030d171B03c5d5C8e1d658b3c8e09'], ['uint256', '6120000000']]"
177,90000,37263 (41.4%),0 Ether ($0.00) ,transfer,"[['address', '0x53C4ac97cce030d171B03c5d5C8e1d658b3c8e09'], ['uint256', '14850000000']]"
178,90000,52199 (58%),0 Ether ($0.00) ,transfer,"[['address', '0xE898a584512A38a0bC542FdabA89adfc1B242508'], ['uint256', '2070000000']]"
179,90000,37199 (41.33%),0 Ether ($0.00) ,transfer,"[['address', '0x53C4ac97cce030d171B03c5d5C8e1d658b3c8e09'], ['uint256', '6120000000']]"
180,90000,37199 (41.33%),0 Ether ($0.00) ,transfer,"[['address', '0xE898a584512A38a0bC542FdabA89adfc1B242508'], ['uint256', '2070000000']]"
181,80000,52135 (65.17%),0 Ether ($0.00) ,transfer,"[['address', '0x0B85E81af385A7079E40B75274154b70Ab0B6065'], ['uint256', '1000000000']]"
182,52135,37135 (71.23%),0 Ether ($0.00) ,transfer,"[['address', '0x3f63782616E50820Cc6A7d888eD2C0480d167DB6'], ['uint256', '1000000000']]"
183,80000,22135 (27.67%),0 Ether ($0.00) ,transfer,"[['address', '0x4B01721F0244E7c5B5F63c20942850E447f5a5Ee'], ['uint256', '1000000000']]"
184,80000,24269 (30.34%),0 Ether ($0.00) ,transfer,"[['address', '0x4B01721F0244E7c5B5F63c20942850E447f5a5Ee'], ['uint256', '1000000000']]"
185,152136,52135 (34.27%),0 Ether ($0.00) ,transfer,"[['address', '0x00dC4d71d3be813D8de3E226D2e74714fb1b0daD'], ['uint256', '10000000000']]"
186,152264,52263 (34.32%),0 Ether ($0.00) ,transfer,"[['address', '0x19E3213332E2C53cdA6bf2cc81148CB2434ABcfc'], ['uint256', '2000000000000']]"
187,80000,22263 (27.83%),0 Ether ($0.00) ,transfer,"[['address', '0x4B01721F0244E7c5B5F63c20942850E447f5a5Ee'], ['uint256', '2000000000000']]"
188,80000,24397 (30.5%),0 Ether ($0.00) ,transfer,"[['address', '0x4B01721F0244E7c5B5F63c20942850E447f5a5Ee'], ['uint256', '2000000000000']]"
189,80000,24397 (30.5%),0 Ether ($0.00) ,transfer,"[['address', '0x4B01721F0244E7c5B5F63c20942850E447f5a5Ee'], ['uint256', '2000000000000']]"
190,90000,36943 (41.05%),0 Ether ($0.00) ,transfer,"[['address', '0xA0e5Ca7ddEfcd4B07090a24f2014F130615c25B1'], ['uint256', '0']]"
191,90000,36943 (41.05%),0 Ether ($0.00) ,transfer,"[['address', '0xB586708AA9933F56e084B57DFCca06c3D2500391'], ['uint256', '0']]"
192,90000,36943 (41.05%),0 Ether ($0.00) ,transfer,"[['address', '0x425592Fd920E1702caA5aAc6cA8F555FE598Fa7C'], ['uint256', '0']]"
193,90000,36943 (41.05%),0 Ether ($0.00) ,transfer,"[['address', '0xa27fF7B2323ff5Dc5e9f2538d33Ff6fD0fC4792f'], ['uint256', '0']]"
194,90000,36943 (41.05%),0 Ether ($0.00) ,transfer,"[['address', '0x0a0752D4808012AabD9d7A12296Bd43Ad3F41Bc0'], ['uint256', '0']]"
195,90000,36943 (41.05%),0 Ether ($0.00) ,transfer,"[['address', '0xB7ec85975230DA6F94B463752be63520b3AB0b6B'], ['uint256', '0']]"
196,90000,36943 (41.05%),0 Ether ($0.00) ,transfer,"[['address', '0xCaa68cd331AFf704763917E5f564E720058bD925'], ['uint256', '0']]"
197,90000,36943 (41.05%),0 Ether ($0.00) ,transfer,"[['address', '0xf1977CB53f9DE79B3c52726480EEc23263bab21f'], ['uint256', '0']]"
198,90000,36943 (41.05%),0 Ether ($0.00) ,transfer,"[['address', '0xc806FAE3563bB864aF6F28f9fD94aDe3d9c7a1EB'], ['uint256', '0']]"
199,90000,36943 (41.05%),0 Ether ($0.00) ,transfer,"[['address', '0xe0a8297CD0F92AACab64620616F77C2A5b5d8115'], ['uint256', '0']]"
200,90000,36943 (41.05%),0 Ether ($0.00) ,transfer,"[['address', '0xA8BF269094Af3070873FBdc08914C2ea07f2F3fC'], ['uint256', '0']]"
201,90000,36943 (41.05%),0 Ether ($0.00) ,transfer,"[['address', '0xbdf1D7c33EdA491210A410CB84b273D0e6c0e761'], ['uint256', '0']]"
202,90000,36943 (41.05%),0 Ether ($0.00) ,transfer,"[['address', '0x694AD73053CeCC643448356781586BD42A26704F'], ['uint256', '0']]"
203,90000,36943 (41.05%),0 Ether ($0.00) ,transfer,"[['address', '0x110D8858cb1Db873A4025D7954694A8077646DA4'], ['uint256', '0']]"
204,90000,36943 (41.05%),0 Ether ($0.00) ,transfer,"[['address', '0x7C4d6f7F6194524311650Cfe60363e1d1C1205DE'], ['uint256', '0']]"
205,90000,36943 (41.05%),0 Ether ($0.00) ,transfer,"[['address', '0xb0eeADad5c4f42bb468721186D5E8bb7bab00f6B'], ['uint256', '0']]"
206,90000,36943 (41.05%),0 Ether ($0.00) ,transfer,"[['address', '0xe62835Ff3CB96549BCd6C2Dda77Fc14890720E2e'], ['uint256', '0']]"
207,90000,36943 (41.05%),0 Ether ($0.00) ,transfer,"[['address', '0xC528eFD9645D6b8aC03e1418a12e5F60b488c2aA'], ['uint256', '0']]"
208,90000,36943 (41.05%),0 Ether ($0.00) ,transfer,"[['address', '0xeb7D5a138aB1d8aFe546B38Ab5D4Ce762771179f'], ['uint256', '0']]"
209,90000,36943 (41.05%),0 Ether ($0.00) ,transfer,"[['address', '0x92134c72A83Af601750562463917aad2aB035780'], ['uint256', '0']]"
210,90000,36943 (41.05%),0 Ether ($0.00) ,transfer,"[['address', '0xf37c7Fe6055a409791e27Ef535B4e63c9DC7b4fd'], ['uint256', '0']]"
211,90000,36943 (41.05%),0 Ether ($0.00) ,transfer,"[['address', '0xE67c525f0175a1210A2D4ED93aF893355BFf18e4'], ['uint256', '0']]"
212,90000,36943 (41.05%),0 Ether ($0.00) ,transfer,"[['address', '0x8c0707e41c8250AD55516B08e1420d0104D15a2c'], ['uint256', '0']]"
213,90000,36943 (41.05%),0 Ether ($0.00) ,transfer,"[['address', '0x9059BBd373f4284Bd37603cceA4d017c7de109dB'], ['uint256', '0']]"
214,90000,36943 (41.05%),0 Ether ($0.00) ,transfer,"[['address', '0x4d3cc1b4A18bC3c411d9b5ebaeFdE1978FeAFBaF'], ['uint256', '0']]"
215,90000,36943 (41.05%),0 Ether ($0.00) ,transfer,"[['address', '0xEc8A1125489B73625fedAa308F28D6Ae37e99967'], ['uint256', '0']]"
216,90000,36943 (41.05%),0 Ether ($0.00) ,transfer,"[['address', '0xd401246866827356dB1Cd1C54818a2846Ea7482A'], ['uint256', '0']]"
217,90000,36943 (41.05%),0 Ether ($0.00) ,transfer,"[['address', '0x21DBA17B9d3de43AC5f7ECB080ba3969E58c6eF2'], ['uint256', '0']]"
218,90000,36943 (41.05%),0 Ether ($0.00) ,transfer,"[['address', '0xFDA7B4F51bdfD2941d97F24991d413D3df8F54e4'], ['uint256', '0']]"
219,90000,36943 (41.05%),0 Ether ($0.00) ,transfer,"[['address', '0x681d989Da3a5104F07624d66AbD254c9493cf3B5'], ['uint256', '0']]"
220,90000,36943 (41.05%),0 Ether ($0.00) ,transfer,"[['address', '0xDE9cdd98c472EE84dEC5d37FF436434821813B1B'], ['uint256', '0']]"
221,90000,36943 (41.05%),0 Ether ($0.00) ,transfer,"[['address', '0x622163D0B8A86B501188250aA21ACB94aD81a443'], ['uint256', '0']]"
222,90000,36943 (41.05%),0 Ether ($0.00) ,transfer,"[['address', '0x5A150fBF20408063FA4959b1F71b55087f31bAcA'], ['uint256', '0']]"
223,90000,36943 (41.05%),0 Ether ($0.00) ,transfer,"[['address', '0xE898a584512A38a0bC542FdabA89adfc1B242508'], ['uint256', '0']]"
224,90000,36943 (41.05%),0 Ether ($0.00) ,transfer,"[['address', '0x177F8726Aa64d069dd64016c1b069343833915F9'], ['uint256', '0']]"
225,90000,36943 (41.05%),0 Ether ($0.00) ,transfer,"[['address', '0x14A05ecd2bD6015D7e43715349ef52bbF505Faea'], ['uint256', '0']]"
226,90000,36943 (41.05%),0 Ether ($0.00) ,transfer,"[['address', '0x2E90Ac9a3E9cE0e82d04646753f146eE0a1a9ff6'], ['uint256', '0']]"
227,90000,36943 (41.05%),0 Ether ($0.00) ,transfer,"[['address', '0x5BAA3FDF97056e6c7b76Cc1BC2Ee325aCfa2408F'], ['uint256', '0']]"
228,90000,36943 (41.05%),0 Ether ($0.00) ,transfer,"[['address', '0x1d208162d253eD15483B762C2F9D998F63b44307'], ['uint256', '0']]"
229,90000,36943 (41.05%),0 Ether ($0.00) ,transfer,"[['address', '0xbf75945F243E819dBb33AddD901797E81fE01B0C'], ['uint256', '0']]"
230,90000,36943 (41.05%),0 Ether ($0.00) ,transfer,"[['address', '0x4A04B022F0a93162100d86d6897722eC2a69Dfef'], ['uint256', '0']]"
231,90000,36943 (41.05%),0 Ether ($0.00) ,transfer,"[['address', '0xF1E0649E0AbFd6Cd64250a5B47B8E8C161B96195'], ['uint256', '0']]"
232,90000,36943 (41.05%),0 Ether ($0.00) ,transfer,"[['address', '0xC1C2D63C7E5DE3D70b3590C94c2682bacFDCE39E'], ['uint256', '0']]"
233,90000,36943 (41.05%),0 Ether ($0.00) ,transfer,"[['address', '0x3CC74B967670c64A6D0fDc6F9158b13F3880B586'], ['uint256', '0']]"
234,90000,36943 (41.05%),0 Ether ($0.00) ,transfer,"[['address', '0xC62b0a291326d554cD43DED342A1f6540a665a42'], ['uint256', '0']]"
235,90000,36943 (41.05%),0 Ether ($0.00) ,transfer,"[['address', '0x04DFd5d06703AF28e756068a56E0dC5B4c02F15c'], ['uint256', '0']]"
236,90000,36943 (41.05%),0 Ether ($0.00) ,transfer,"[['address', '0xe4DD313bcbb4223845056f2aF80248B37F6cbC6b'], ['uint256', '0']]"
237,90000,36943 (41.05%),0 Ether ($0.00) ,transfer,"[['address', '0xf75177189112825Aa40f721A1A5BFd7Af9bC3894'], ['uint256', '0']]"
238,90000,36943 (41.05%),0 Ether ($0.00) ,transfer,"[['address', '0xb6e797d73EFaA74e22Fbb893A6d0E65Bc8CddCAe'], ['uint256', '0']]"
239,90000,36943 (41.05%),0 Ether ($0.00) ,transfer,"[['address', '0x0f6C32649E928B5c0FBD5aA3cE1d6F12f46cdF9F'], ['uint256', '0']]"
240,90000,36943 (41.05%),0 Ether ($0.00) ,transfer,"[['address', '0x1C7F97Fb60e8dFc85857Fb26Da01b451b5F4Bf87'], ['uint256', '0']]"
241,90000,36943 (41.05%),0 Ether ($0.00) ,transfer,"[['address', '0x8D4301e5cd03aff5cfa8a93DBbb4C584eA2052BB'], ['uint256', '0']]"
242,90000,36943 (41.05%),0 Ether ($0.00) ,transfer,"[['address', '0xAEa75BA97F41a1169defFCe71f5Ec24365B93166'], ['uint256', '0']]"
243,90000,36943 (41.05%),0 Ether ($0.00) ,transfer,"[['address', '0x4Fc5163a3A7fd548c8b759B2b27D915817B4dC78'], ['uint256', '0']]"
244,90000,36943 (41.05%),0 Ether ($0.00) ,transfer,"[['address', '0x53C4ac97cce030d171B03c5d5C8e1d658b3c8e09'], ['uint256', '0']]"
245,90000,36943 (41.05%),0 Ether ($0.00) ,transfer,"[['address', '0x4746cF3E1B2d9ae8ab23c3851C9cd8a9E62122A1'], ['uint256', '0']]"
246,90000,36943 (41.05%),0 Ether ($0.00) ,transfer,"[['address', '0x0b5C1362cEaFd5F3931FDd4981531468A4EFeFb3'], ['uint256', '0']]"
247,90000,36943 (41.05%),0 Ether ($0.00) ,transfer,"[['address', '0x6358722DB984A492Ca85BdD79c9C605573ADF3Da'], ['uint256', '0']]"
248,90000,36943 (41.05%),0 Ether ($0.00) ,transfer,"[['address', '0xBE87F009fCEeab80D2189F1EA0b3af8bF6bD651f'], ['uint256', '0']]"
249,90000,36943 (41.05%),0 Ether ($0.00) ,transfer,"[['address', '0xF60b4f441eE2c152e2f67D2CC6840F16bD4340E2'], ['uint256', '0']]"
250,90000,36943 (41.05%),0 Ether ($0.00) ,transfer,"[['address', '0xCABCded245E7B4D3D95Bb6FA08105c0caFda770F'], ['uint256', '0']]"
251,90000,36943 (41.05%),0 Ether ($0.00) ,transfer,"[['address', '0xAc3817BEDeDBEBdB90E617E01b0283be83635Ff6'], ['uint256', '0']]"
252,90000,50791 (56.43%),0 Ether ($0.00) ,transfer,"[['address', '0x0000000000000000000000000000000000000000'], ['uint256', '278']]"
253,90000,35791 (39.77%),0 Ether ($0.00) ,transfer,"[['address', '0x0000000000000000000000000000000000000000'], ['uint256', '378']]"
254,90000,35791 (39.77%),0 Ether ($0.00) ,transfer,"[['address', '0x0000000000000000000000000000000000000000'], ['uint256', '1932']]"
255,90000,35791 (39.77%),0 Ether ($0.00) ,transfer,"[['address', '0x0000000000000000000000000000000000000000'], ['uint256', '3011']]"
256,90000,35791 (39.77%),0 Ether ($0.00) ,transfer,"[['address', '0x0000000000000000000000000000000000000000'], ['uint256', '1282']]"
257,90000,35791 (39.77%),0 Ether ($0.00) ,transfer,"[['address', '0x0000000000000000000000000000000000000000'], ['uint256', '7425']]"
258,90000,35791 (39.77%),0 Ether ($0.00) ,transfer,"[['address', '0x0000000000000000000000000000000000000000'], ['uint256', '288']]"
259,90000,35727 (39.7%),0 Ether ($0.00) ,transfer,"[['address', '0x0000000000000000000000000000000000000000'], ['uint256', '167']]"
260,90000,35791 (39.77%),0 Ether ($0.00) ,transfer,"[['address', '0x0000000000000000000000000000000000000000'], ['uint256', '504']]"
261,90000,35791 (39.77%),0 Ether ($0.00) ,transfer,"[['address', '0x0000000000000000000000000000000000000000'], ['uint256', '290']]"
262,90000,35791 (39.77%),0 Ether ($0.00) ,transfer,"[['address', '0x0000000000000000000000000000000000000000'], ['uint256', '1890']]"
263,90000,35727 (39.7%),0 Ether ($0.00) ,transfer,"[['address', '0x0000000000000000000000000000000000000000'], ['uint256', '150']]"
264,90000,35727 (39.7%),0 Ether ($0.00) ,transfer,"[['address', '0x0000000000000000000000000000000000000000'], ['uint256', '104']]"
265,90000,35791 (39.77%),0 Ether ($0.00) ,transfer,"[['address', '0x0000000000000000000000000000000000000000'], ['uint256', '4320']]"
266,90000,35727 (39.7%),0 Ether ($0.00) ,transfer,"[['address', '0x0000000000000000000000000000000000000000'], ['uint256', '148']]"
267,90000,35727 (39.7%),0 Ether ($0.00) ,transfer,"[['address', '0x0000000000000000000000000000000000000000'], ['uint256', '11']]"
268,90000,35791 (39.77%),0 Ether ($0.00) ,transfer,"[['address', '0x0000000000000000000000000000000000000000'], ['uint256', '7087']]"
269,90000,35791 (39.77%),0 Ether ($0.00) ,transfer,"[['address', '0x0000000000000000000000000000000000000000'], ['uint256', '2240']]"
270,90000,35791 (39.77%),0 Ether ($0.00) ,transfer,"[['address', '0x0000000000000000000000000000000000000000'], ['uint256', '1710']]"
271,90000,35791 (39.77%),0 Ether ($0.00) ,transfer,"[['address', '0x0000000000000000000000000000000000000000'], ['uint256', '904']]"
272,90000,35727 (39.7%),0 Ether ($0.00) ,transfer,"[['address', '0x0000000000000000000000000000000000000000'], ['uint256', '26']]"
273,90000,35727 (39.7%),0 Ether ($0.00) ,transfer,"[['address', '0x0000000000000000000000000000000000000000'], ['uint256', '167']]"
274,90000,35791 (39.77%),0 Ether ($0.00) ,transfer,"[['address', '0x0000000000000000000000000000000000000000'], ['uint256', '288']]"
275,90000,35727 (39.7%),0 Ether ($0.00) ,transfer,"[['address', '0x0000000000000000000000000000000000000000'], ['uint256', '256']]"
276,90000,35791 (39.77%),0 Ether ($0.00) ,transfer,"[['address', '0x0000000000000000000000000000000000000000'], ['uint256', '283']]"
277,90000,35727 (39.7%),0 Ether ($0.00) ,transfer,"[['address', '0x0000000000000000000000000000000000000000'], ['uint256', '78']]"
278,90000,35727 (39.7%),0 Ether ($0.00) ,transfer,"[['address', '0x0000000000000000000000000000000000000000'], ['uint256', '243']]"
279,90000,35791 (39.77%),0 Ether ($0.00) ,transfer,"[['address', '0x0000000000000000000000000000000000000000'], ['uint256', '270']]"
280,90000,35727 (39.7%),0 Ether ($0.00) ,transfer,"[['address', '0x0000000000000000000000000000000000000000'], ['uint256', '121']]"
281,90000,35727 (39.7%),0 Ether ($0.00) ,transfer,"[['address', '0x0000000000000000000000000000000000000000'], ['uint256', '90']]"
282,90000,35727 (39.7%),0 Ether ($0.00) ,transfer,"[['address', '0x0000000000000000000000000000000000000000'], ['uint256', '78']]"
283,90000,35727 (39.7%),0 Ether ($0.00) ,transfer,"[['address', '0x0000000000000000000000000000000000000000'], ['uint256', '121']]"
284,90000,35727 (39.7%),0 Ether ($0.00) ,transfer,"[['address', '0x0000000000000000000000000000000000000000'], ['uint256', '64']]"
285,90000,35727 (39.7%),0 Ether ($0.00) ,transfer,"[['address', '0x0000000000000000000000000000000000000000'], ['uint256', '182']]"
286,90000,35791 (39.77%),0 Ether ($0.00) ,transfer,"[['address', '0x0000000000000000000000000000000000000000'], ['uint256', '493']]"
287,90000,35791 (39.77%),0 Ether ($0.00) ,transfer,"[['address', '0x0000000000000000000000000000000000000000'], ['uint256', '270']]"
288,90000,35727 (39.7%),0 Ether ($0.00) ,transfer,"[['address', '0x0000000000000000000000000000000000000000'], ['uint256', '148']]"
289,90000,35727 (39.7%),0 Ether ($0.00) ,transfer,"[['address', '0x0000000000000000000000000000000000000000'], ['uint256', '94']]"
290,90000,35727 (39.7%),0 Ether ($0.00) ,transfer,"[['address', '0x0000000000000000000000000000000000000000'], ['uint256', '41']]"
291,90000,35791 (39.77%),0 Ether ($0.00) ,transfer,"[['address', '0x0000000000000000000000000000000000000000'], ['uint256', '1620']]"
292,90000,35727 (39.7%),0 Ether ($0.00) ,transfer,"[['address', '0x0000000000000000000000000000000000000000'], ['uint256', '121']]"
293,90000,35791 (39.77%),0 Ether ($0.00) ,transfer,"[['address', '0x0000000000000000000000000000000000000000'], ['uint256', '5540']]"
294,90000,35791 (39.77%),0 Ether ($0.00) ,transfer,"[['address', '0x0000000000000000000000000000000000000000'], ['uint256', '297']]"
295,90000,35727 (39.7%),0 Ether ($0.00) ,transfer,"[['address', '0x0000000000000000000000000000000000000000'], ['uint256', '252']]"
296,90000,35791 (39.77%),0 Ether ($0.00) ,transfer,"[['address', '0x0000000000000000000000000000000000000000'], ['uint256', '270']]"
297,90000,35791 (39.77%),0 Ether ($0.00) ,transfer,"[['address', '0x0000000000000000000000000000000000000000'], ['uint256', '270']]"
298,90000,35791 (39.77%),0 Ether ($0.00) ,transfer,"[['address', '0x0000000000000000000000000000000000000000'], ['uint256', '6075']]"
299,90000,35727 (39.7%),0 Ether ($0.00) ,transfer,"[['address', '0x0000000000000000000000000000000000000000'], ['uint256', '94']]"
300,90000,35727 (39.7%),0 Ether ($0.00) ,transfer,"[['address', '0x0000000000000000000000000000000000000000'], ['uint256', '106']]"
301,90000,35791 (39.77%),0 Ether ($0.00) ,transfer,"[['address', '0x0000000000000000000000000000000000000000'], ['uint256', '4384']]"
302,90000,35791 (39.77%),0 Ether ($0.00) ,transfer,"[['address', '0x0000000000000000000000000000000000000000'], ['uint256', '337']]"
303,90000,35791 (39.77%),0 Ether ($0.00) ,transfer,"[['address', '0x0000000000000000000000000000000000000000'], ['uint256', '2686']]"
304,90000,35791 (39.77%),0 Ether ($0.00) ,transfer,"[['address', '0x0000000000000000000000000000000000000000'], ['uint256', '734']]"
305,90000,35791 (39.77%),0 Ether ($0.00) ,transfer,"[['address', '0x0000000000000000000000000000000000000000'], ['uint256', '364']]"
306,90000,35791 (39.77%),0 Ether ($0.00) ,transfer,"[['address', '0x0000000000000000000000000000000000000000'], ['uint256', '2988']]"
307,90000,35727 (39.7%),0 Ether ($0.00) ,transfer,"[['address', '0x0000000000000000000000000000000000000000'], ['uint256', '61']]"
